[{
   "type": "pcf",
  "rtv": [
      {  "name": "HANDLING",            "value": "18410" },
      {  "name": "ITINERARY",           "value": "18409" },
      {  "name": "ORCHESTRATION",       "value": "18416" },
      {  "name": "SHIPMENT",            "value": "18411" },
      {  "name": "TRIP",                "value": "18414" },
      {  "name": "WAYPOINT",            "value": "18413" }
    ],  
   "levels": [
	  {
         "level": "L1",
         "targets": [
      "development@api.sys.wtcdev2.paas.fedex.com"
    ]

      },
      {
         "level": "L2",
         "targets": [
      "development@api.sys.wtcdev2.paas.fedex.com"
    ]

      },
      {
         "level": "L2-B",
         "targets": [
      "development@api.sys.wtcdev2.paas.fedex.com"
    ]

      },
      {
         "level": "L3",
         "targets": [
      "release@api.sys.wtcdev2.paas.fedex.com"
    ]

      },
      {
         "level": "L4",
         "targets": [
      "release@api.sys.wtcdev2.paas.fedex.com"
    ]

      }
   ],
  "content": [{
      "gav": "com.pcf:pcf:zip",
      "relativePath": "apparchives",
      "saveArchiveName": "sefs_suESEFeed.zip"
   }
   ],
   "id": "PCF",
   "name_format": "PCF_HEALTH_%0d",
   "platform": "bash_generator"
}]
