tibco_be,tibco,urh00605.ute.fedex.com,/opt/fedex/sefs/FXG/apps/ShipmentCoreFXG,949455,ShipmentFXGPU1,fxg_sefs_core_ShipmentFXGPU,L1
tibco_be,tibco,urh00605.ute.fedex.com,/opt/fedex/sefs/FXG/apps/ShipmentCoreFXG,15512,ShipmentFXGPU2,fxg_sefs_core_ShipmentFXGPU,L1
tibco_be,tibco,urh00605.ute.fedex.com,/opt/fedex/sefs/FXG/apps/ShipmentCoreFXG,15512,ShipmentFXGP3,fxg_sefs_core_ShipmentFXGPU,L1
tibco_be,tibco,urh00605.ute.fedex.com,/opt/fedex/sefs/FXG/apps/ShipmentCoreFXG,15512,ShipmentFXGPU4,fxg_sefs_core_ShipmentFXGPU,L2
tibco_be,tibco,urh00607.ute.fedex.com,/opt/fedex/sefs/FXG/apps/StopCoreFXG,15611,StopCoreFXGPU1,fxg_sefs_core_StopCoreFXGPU,L1
tibco_be,tibco,urh00607.ute.fedex.com,/opt/fedex/sefs/FXG/apps/StopCoreFXG,15611,StopCoreFXGPU2,fxg_sefs_core_StopCoreFXGPU,L2
tibco_be,tibco,urh00607.ute.fedex.com,/opt/fedex/sefs/FXG/apps/StopCoreFXG,15611,StopCoreFXGPU_3,fxg_sefs_core_StopCoreFXGPU_3,L4
tibco_be,tibco,urh00607.ute.fedex.com,/opt/fedex/sefs/FXG/apps/StopCoreFXG,15611,StopCoreFXGPU4,fxg_sefs_core_StopCoreFXGPU,L1
tibco_be,tibco,urh00607.ute.fedex.com,/opt/fedex/sefs/FXG/apps/StopCoreFXG,15611,StopCoreFXGPU5,fxg_sefs_core_StopCoreFXGPU,L1
tibco_bw,tibcosilver,urh00603.ute.fedex.com,COEFeed-SOEFeed,15512,COEFeed-SOEFeed,FXG_L1_BW_ADMIN_DOMAIN,L1
tibco_bw,tibcosilver,urh00603.ute.fedex.com,FXSPFeed-SOEFeed,15512,FXSPFeed-SOEFeed,FXG_L1_BW_ADMIN_DOMAIN,L3
tibco_bw,tibcosilver,urh00603.ute.fedex.com,ShipmentGatewayFXG-ShipmentGatewayFXG,15512,ShipmentGatewayFXG-ShipmentGatewayFXG,FXG_L1_BW_ADMIN_DOMAIN,L1
tibco_bw,tibcosilver,urh00603.ute.fedex.com,ReferenceCacheGatewayFXG-ReferenceCacheGatewayFXG,15611,ReferenceCacheGatewayFXG-ReferenceCacheGatewayFXG,FXG_L1_BW_ADMIN_DOMAIN,L4
tibco_bw,tibcosilver,urh00603.ute.fedex.com,RouteStopGatewayFXG-RouteStopGatewayFXG,15512,RouteStopGatewayFXG-RouteStopGatewayFXG,FXG_L1_BW_ADMIN_DOMAIN,L1